DON_OPO,CAS_Period,Mean_LUNDON,Median_LUNDON,N,LUNDON_Group
ALOB,Post-CAS,27.08810915303943,12.808644633886807,460,Overall
ALOB,Pre-CAS,24.026093105139836,8.400243226754036,861,Overall
AROR,Post-CAS,27.541513109377934,15.002918887447088,234,Overall
AROR,Pre-CAS,26.566439163675998,13.85733901554976,297,Overall
AZOB,Post-CAS,26.674569810373164,17.91117478798892,443,Overall
AZOB,Pre-CAS,28.492396046666737,20.244343824304167,953,Overall
CADN,Post-CAS,28.157926138416062,16.57735325691498,706,Overall
CADN,Pre-CAS,25.11964340893971,13.31998771560177,1450,Overall
CAGS,Post-CAS,51.92121156066714,53.86083556227004,61,Overall
CAGS,Pre-CAS,52.12409172336885,60.24346942006266,103,Overall
CAOP,Post-CAS,31.656993165401186,28.60139192939547,1131,Overall
CAOP,Pre-CAS,33.072769981964555,29.989547401616555,2265,Overall
CASD,Post-CAS,33.93954747702132,27.179689804549994,242,Overall
CASD,Pre-CAS,34.300846131578226,28.497165636432428,388,Overall
CORS,Post-CAS,28.479949652498618,20.120332963102364,337,Overall
CORS,Pre-CAS,21.76670294101447,6.780716895704682,641,Overall
DCTC,Pre-CAS,49.56124709159687,53.54116836537722,198,Overall
FLFH,Post-CAS,36.77504784613007,32.259416058406295,292,Overall
FLFH,Pre-CAS,33.49618762247775,28.723424179464775,727,Overall
FLMP,Post-CAS,25.504548888930138,15.195867159720617,293,Overall
FLMP,Pre-CAS,26.884646405724123,19.80694841046785,679,Overall
FLUF,Post-CAS,27.852260396119924,16.986567209306948,374,Overall
FLUF,Pre-CAS,24.411864376779917,11.08262497516736,752,Overall
FLWC,Post-CAS,27.60476357709275,14.67366595662353,496,Overall
FLWC,Pre-CAS,23.383937375870637,10.087198284406943,1110,Overall
GALL,Post-CAS,40.08051592723393,39.84036246837598,676,Overall
GALL,Pre-CAS,27.399946310440555,17.050653042078324,1390,Overall
HIOP,Post-CAS,27.96406154001537,15.849065759280819,24,Overall
HIOP,Pre-CAS,24.073661731244314,12.255284874383989,130,Overall
IAOP,Post-CAS,26.22617908288019,21.35039629858502,126,Overall
IAOP,Pre-CAS,25.427293764076392,12.862592535778006,343,Overall
ILIP,Post-CAS,28.41898888246918,19.579084069894297,693,Overall
ILIP,Pre-CAS,24.339609977288998,12.108465792174487,1663,Overall
INOP,Post-CAS,29.99109664325225,20.20627356845209,546,Overall
INOP,Pre-CAS,30.802718999884444,25.537274408903144,890,Overall
KYDA,Post-CAS,19.851027144233377,5.327305732601061,393,Overall
KYDA,Pre-CAS,22.52565522808863,9.766192022170873,620,Overall
LAOP,Post-CAS,35.31271461301962,31.13583726135551,440,Overall
LAOP,Pre-CAS,33.6923572849557,26.31865545418239,920,Overall
MAOB,Post-CAS,24.203914521417605,12.432165093992781,535,Overall
MAOB,Pre-CAS,30.41320262470153,20.32562674783834,630,Overall
MDPC,Post-CAS,46.34378937296034,50.61342450927948,166,Overall
MDPC,Pre-CAS,30.10561625434041,22.944597889510298,626,Overall
MIOP,Post-CAS,26.846223293929558,16.15218851597875,558,Overall
MIOP,Pre-CAS,27.89970636836007,16.556323962266394,1165,Overall
MNOP,Post-CAS,26.198355833940816,12.306927170910352,413,Overall
MNOP,Pre-CAS,27.797299825865895,15.148559671002863,666,Overall
MOMA,Post-CAS,45.59067015564722,46.26113302765239,153,Overall
MOMA,Pre-CAS,46.59983789907594,49.81919277908042,354,Overall
MSOP,Post-CAS,34.50374536970858,24.35560163958185,163,Overall
MSOP,Pre-CAS,35.45140289830564,25.251823076103204,338,Overall
MWOB,Post-CAS,32.81364647743298,22.820918594608223,524,Overall
MWOB,Pre-CAS,33.893554335350096,26.906961047143383,1103,Overall
NCCM,Post-CAS,31.625428381004667,21.84781239171447,264,Overall
NCCM,Pre-CAS,30.695069765635523,24.03523862245988,570,Overall
NCNC,Post-CAS,24.45316844246983,13.488194445550526,400,Overall
NCNC,Pre-CAS,25.00857014558649,13.692531609283138,830,Overall
NEOR,Post-CAS,26.16611830366413,21.013421262865066,131,Overall
NEOR,Pre-CAS,22.62464315107162,9.837665957980077,241,Overall
NJTO,Post-CAS,17.409359280924836,5.7841874255646015,392,Overall
NJTO,Pre-CAS,15.146026019304184,3.1782971359325654,742,Overall
NMOP,Post-CAS,15.88028831594809,7.241295939631684,73,Overall
NMOP,Pre-CAS,15.874176916425617,6.486466247897653,162,Overall
NVLV,Post-CAS,37.43650097877659,35.47087006521394,295,Overall
NVLV,Pre-CAS,24.457210093659718,11.295760224573858,622,Overall
NYAP,Post-CAS,26.79638642911877,16.053936817897586,163,Overall
NYAP,Pre-CAS,20.123190366124764,6.194601627210254,294,Overall
NYFL,Post-CAS,24.736490785346312,11.090224220755065,80,Overall
NYFL,Pre-CAS,23.378807608186023,11.917293944241642,181,Overall
NYRT,Post-CAS,20.321214166819367,9.214126077654551,803,Overall
NYRT,Pre-CAS,20.56854600220249,8.512346805250814,1376,Overall
NYWN,Post-CAS,20.63753640858666,14.369079130130803,64,Overall
NYWN,Pre-CAS,21.981265301185072,9.039974854174627,137,Overall
OHLB,Post-CAS,25.18555650905725,14.384924594430522,242,Overall
OHLB,Pre-CAS,27.186414112762275,14.650592576865412,588,Overall
OHLC,Post-CAS,23.333891419885685,11.746407513017006,190,Overall
OHLC,Pre-CAS,22.4028936427389,9.995474800283196,409,Overall
OHLP,Post-CAS,17.19587779903301,3.8496855688829674,216,Overall
OHLP,Pre-CAS,20.82716186507803,8.04755348949497,535,Overall
OHOV,Post-CAS,22.49221252613883,10.630689141721241,113,Overall
OHOV,Pre-CAS,22.71576290607417,10.10412401983106,299,Overall
OKOP,Post-CAS,29.822469795024148,21.736694979495386,273,Overall
OKOP,Pre-CAS,22.91630437571438,11.174250260219374,560,Overall
ORUO,Post-CAS,35.83349673427555,32.853439412591555,343,Overall
ORUO,Pre-CAS,28.19857535046042,15.366847194634381,555,Overall
PADV,Post-CAS,22.787046162370206,8.77317367306844,842,Overall
PADV,Pre-CAS,20.48660343333089,5.469614763457137,2139,Overall
PATF,Post-CAS,15.852041865387678,5.863739251684666,515,Overall
PATF,Pre-CAS,19.49941450982365,7.878797481453002,1012,Overall
PRLL,Post-CAS,23.14189014862012,8.92392151501097,255,Overall
PRLL,Pre-CAS,18.80500501734012,4.5638713615947655,513,Overall
SCOP,Post-CAS,28.028199234057386,16.973988298763096,285,Overall
SCOP,Pre-CAS,32.08917985662597,26.78021126996394,671,Overall
TNDS,Post-CAS,27.833954860141112,15.713238620448287,666,Overall
TNDS,Pre-CAS,24.48987864231389,9.282553122053574,1364,Overall
TNMS,Post-CAS,26.459196503268913,12.782005551298104,146,Overall
TNMS,Pre-CAS,25.911107120582926,16.44525756614352,243,Overall
TXGC,Post-CAS,32.42881908022005,27.344981240066847,611,Overall
TXGC,Pre-CAS,31.683834471939093,26.615405855113355,1477,Overall
TXSA,Post-CAS,38.70119335754691,39.21875026962432,362,Overall
TXSA,Pre-CAS,36.48089427303389,34.84407555538009,793,Overall
TXSB,Post-CAS,43.49089888418983,44.74268644495841,761,Overall
TXSB,Pre-CAS,33.6553098257718,27.644659603229513,1568,Overall
UTOP,Post-CAS,19.032678498350386,9.26694540741845,210,Overall
UTOP,Pre-CAS,20.719289463335627,10.759618086823568,410,Overall
VATB,Post-CAS,30.50970267516616,22.05600681874536,359,Overall
VATB,Pre-CAS,27.341465965063847,16.569565479299854,758,Overall
WALC,Post-CAS,29.895318932723363,24.428253407573735,608,Overall
WALC,Pre-CAS,27.800976308371414,17.093663349302282,1041,Overall
WIDN,Post-CAS,27.551221012836663,18.956988837466056,165,Overall
WIDN,Pre-CAS,36.81000794698395,34.996100912315335,241,Overall
WIUW,Post-CAS,20.40165552034943,9.05201709341833,247,Overall
WIUW,Pre-CAS,23.704721183663274,12.32461348491809,525,Overall
ALOB,Post-CAS,57.78682176750077,63.160831843949424,135,Transplanted
ALOB,Pre-CAS,59.54784105525792,64.9339711049965,201,Transplanted
AROR,Post-CAS,59.42652384768251,61.34135872834858,68,Transplanted
AROR,Pre-CAS,62.96394281255077,66.05621261779048,55,Transplanted
AZOB,Post-CAS,53.64369693550214,54.55606145215991,128,Transplanted
AZOB,Pre-CAS,54.182254503843325,56.70471183784568,288,Transplanted
CADN,Post-CAS,55.9705144248142,58.511100175152144,217,Transplanted
CADN,Pre-CAS,55.86440214516841,58.66502424955807,339,Transplanted
CAGS,Post-CAS,53.03506335494026,53.89340377182923,58,Transplanted
CAGS,Pre-CAS,61.450566326064575,66.50084450250122,81,Transplanted
CAOP,Post-CAS,47.37695899573842,48.76357301091511,407,Transplanted
CAOP,Pre-CAS,50.2477160338242,51.38773462093664,707,Transplanted
CASD,Post-CAS,60.86570094143876,65.13143753475082,90,Transplanted
CASD,Pre-CAS,58.83995198072622,64.42414205832625,126,Transplanted
CORS,Post-CAS,55.765695222509706,56.79965942752827,127,Transplanted
CORS,Pre-CAS,55.04438645574484,56.80660302891953,159,Transplanted
DCTC,Pre-CAS,53.9645137728761,56.65123316468398,164,Transplanted
FLFH,Post-CAS,65.7234098307116,71.99915524966872,115,Transplanted
FLFH,Pre-CAS,61.054605114431325,64.81298710705249,230,Transplanted
FLMP,Post-CAS,51.66573121475775,52.680034162667674,63,Transplanted
FLMP,Pre-CAS,53.40646497004399,54.984387042425034,127,Transplanted
FLUF,Post-CAS,57.241542116630306,61.232473296672126,88,Transplanted
FLUF,Pre-CAS,56.515391681242114,62.79382435306968,140,Transplanted
FLWC,Post-CAS,57.25750644212628,60.09166236143398,127,Transplanted
FLWC,Pre-CAS,57.459158607959345,59.557202559736325,228,Transplanted
GALL,Post-CAS,62.15268278181307,66.50659450209884,287,Transplanted
GALL,Pre-CAS,55.52960054225107,59.59873256299372,331,Transplanted
HIOP,Post-CAS,80.35259315546726,81.32677574323796,4,Transplanted
HIOP,Pre-CAS,76.36374254564836,76.6315904385959,7,Transplanted
IAOP,Post-CAS,46.215863029575154,47.18456327455861,34,Transplanted
IAOP,Pre-CAS,52.88833161495235,55.799938911140465,97,Transplanted
ILIP,Post-CAS,51.55501524764635,53.11788108778644,239,Transplanted
ILIP,Pre-CAS,52.679970412640024,55.697266695592596,431,Transplanted
INOP,Post-CAS,58.40052891474013,64.08599172197269,185,Transplanted
INOP,Pre-CAS,55.55283066178292,57.71900698760658,275,Transplanted
KYDA,Post-CAS,54.35415929399772,55.51518493505342,69,Transplanted
KYDA,Pre-CAS,53.87885736412753,55.67877628863279,125,Transplanted
LAOP,Post-CAS,62.71148580851292,66.47940648204431,132,Transplanted
LAOP,Pre-CAS,65.3698898511368,66.81887898789748,217,Transplanted
MAOB,Post-CAS,51.69592399572483,53.64185581327481,134,Transplanted
MAOB,Pre-CAS,51.26476528742724,54.950872045292584,293,Transplanted
MDPC,Post-CAS,52.18657495106265,56.38955335420356,130,Transplanted
MDPC,Pre-CAS,51.133002828557856,55.621765182415224,164,Transplanted
MIOP,Post-CAS,53.599243214848656,52.98113199268796,174,Transplanted
MIOP,Pre-CAS,55.14327515248918,56.60189615854842,382,Transplanted
MNOP,Post-CAS,51.950838207599624,55.706868819398714,123,Transplanted
MNOP,Pre-CAS,59.64687924524182,63.123544359958075,179,Transplanted
MOMA,Post-CAS,50.90392579491693,50.47641794526352,122,Transplanted
MOMA,Pre-CAS,55.35884227474357,58.63238517672826,259,Transplanted
MSOP,Post-CAS,69.73000220378863,75.33912456263886,50,Transplanted
MSOP,Pre-CAS,72.25059931086659,78.3876751028148,97,Transplanted
MWOB,Post-CAS,60.71429882364756,65.7460367452333,172,Transplanted
MWOB,Pre-CAS,63.32648443266931,67.63850114233452,334,Transplanted
NCCM,Post-CAS,52.89943421989113,54.53564783136907,90,Transplanted
NCCM,Pre-CAS,57.344673824746536,60.05309731375135,164,Transplanted
NCNC,Post-CAS,52.772032537347116,54.93620257024817,76,Transplanted
NCNC,Pre-CAS,53.63084820496896,55.80320489778737,190,Transplanted
NEOR,Post-CAS,50.704074696961584,44.51780221925971,48,Transplanted
NEOR,Pre-CAS,56.02894181954114,56.49556891669632,48,Transplanted
NJTO,Post-CAS,45.4791961221082,42.86436602746703,59,Transplanted
NJTO,Pre-CAS,47.58701131268804,47.51265350938177,118,Transplanted
NMOP,Post-CAS,39.41061078234522,38.739628180339636,8,Transplanted
NMOP,Pre-CAS,50.49596320274898,45.82276258327971,22,Transplanted
NVLV,Post-CAS,57.46326577700403,60.677401357172315,140,Transplanted
NVLV,Pre-CAS,52.283710460312754,55.23882117277166,165,Transplanted
NYAP,Post-CAS,54.4705992036036,58.09854901886396,44,Transplanted
NYAP,Pre-CAS,53.95718589664634,54.74882921384754,66,Transplanted
NYFL,Post-CAS,49.49302873895447,55.81771029919405,15,Transplanted
NYFL,Pre-CAS,52.03609506884171,56.26260506608253,34,Transplanted
NYRT,Post-CAS,48.528368153836844,48.95656238729502,145,Transplanted
NYRT,Pre-CAS,49.65937474483259,49.543009873950524,261,Transplanted
NYWN,Post-CAS,41.92105931674571,40.63587023326618,15,Transplanted
NYWN,Pre-CAS,62.142614222517466,60.903099964571524,24,Transplanted
OHLB,Post-CAS,57.427090645878124,62.684050398607454,64,Transplanted
OHLB,Pre-CAS,55.31405193169145,59.665671897570164,190,Transplanted
OHLC,Post-CAS,42.73214428646792,41.49233677069584,56,Transplanted
OHLC,Pre-CAS,49.26366312842954,49.196897195641654,86,Transplanted
OHLP,Post-CAS,50.36605800623143,52.18291114909628,37,Transplanted
OHLP,Pre-CAS,52.319415180739504,55.564024347460396,109,Transplanted
OHOV,Post-CAS,53.18534419044884,50.94652172155732,24,Transplanted
OHOV,Pre-CAS,49.554800392657164,49.41348424335097,56,Transplanted
OKOP,Post-CAS,53.56184643825115,57.52207683580005,103,Transplanted
OKOP,Pre-CAS,47.41739267656534,48.982970813975484,149,Transplanted
ORUO,Post-CAS,58.97158118720358,63.503994657865704,121,Transplanted
ORUO,Pre-CAS,61.93381629107635,65.5644221652078,122,Transplanted
PADV,Post-CAS,54.3793460730066,56.28660112402262,173,Transplanted
PADV,Pre-CAS,57.15462044024199,59.87831235471041,418,Transplanted
PATF,Post-CAS,45.30229450440608,45.272659329080376,79,Transplanted
PATF,Pre-CAS,46.51696729048481,45.66582580576116,212,Transplanted
PRLL,Post-CAS,68.3883319506183,74.3749795654981,33,Transplanted
PRLL,Pre-CAS,61.61761720707537,64.78454035780263,47,Transplanted
SCOP,Post-CAS,54.68639353088479,62.07640108764638,75,Transplanted
SCOP,Pre-CAS,57.696808403243786,59.69976790050738,220,Transplanted
TNDS,Post-CAS,57.26148579408935,57.93021538906197,199,Transplanted
TNDS,Pre-CAS,56.99923384970154,61.17638089922502,335,Transplanted
TNMS,Post-CAS,55.19929327897501,60.600844670015604,38,Transplanted
TNMS,Pre-CAS,57.36749302429162,61.09001500727692,44,Transplanted
TXGC,Post-CAS,49.688659522913305,51.48308429308147,221,Transplanted
TXGC,Pre-CAS,56.299172704735106,57.72841243119877,449,Transplanted
TXSA,Post-CAS,60.71382338020649,63.838088601483065,148,Transplanted
TXSA,Pre-CAS,61.50726077961546,64.62803749975419,272,Transplanted
TXSB,Post-CAS,62.515450300478626,67.19088505848559,357,Transplanted
TXSB,Pre-CAS,59.66858416984499,63.66299244851429,521,Transplanted
UTOP,Post-CAS,41.56564823084747,42.391572561971806,58,Transplanted
UTOP,Pre-CAS,48.12179873537147,48.304166218208096,84,Transplanted
VATB,Post-CAS,56.47700114806329,57.89651808149287,114,Transplanted
VATB,Pre-CAS,55.77909471742764,58.15566929796625,193,Transplanted
WALC,Post-CAS,55.72330586201484,59.272906723519014,157,Transplanted
WALC,Pre-CAS,59.77339451669927,61.09218268246429,243,Transplanted
WIDN,Post-CAS,52.46744756130612,54.08710459224558,56,Transplanted
WIDN,Pre-CAS,54.568014556521106,56.34075577781853,107,Transplanted
WIUW,Post-CAS,39.910793374206946,34.76651655577455,70,Transplanted
WIUW,Pre-CAS,48.472242568509195,50.80037717247696,154,Transplanted
National,All,27.664253825133663,17.043675628556596,62671,Overall
National,All,55.42396894623872,58.09508307717209,17440,Transplanted
